{
  "capability_id": "core.example.echo",
  "generated_at_utc": "2026-03-02T21:30:24.688022+00:00",
  "iterations": 50,
  "metrics": {
    "capability_execution_e2e_ms": {
      "samples": [
        95.53075,
        102.498292,
        98.84075,
        93.920208,
        95.632083,
        94.088084,
        104.134542,
        102.1595,
        102.379792,
        98.884291,
        96.266459,
        97.557917,
        95.889416,
        96.380334,
        95.064834,
        94.02625,
        95.348667,
        96.80875,
        113.308084,
        188.88575,
        98.722625,
        96.779834,
        94.853792,
        94.137709,
        93.891917,
        95.086,
        94.320458,
        94.201542,
        93.977708,
        94.369208,
        93.697625,
        97.626584,
        94.503584,
        96.311917,
        96.274959,
        96.276291,
        95.670667,
        93.455375,
        95.152125,
        95.287416,
        93.658625,
        96.000334,
        93.335959,
        94.0275,
        93.2785,
        95.682416,
        96.471084,
        95.371541,
        103.5225,
        120.94525
      ],
      "stats": {
        "max": 188.88575,
        "mean": 98.889916,
        "min": 93.2785,
        "p50": 95.651375,
        "p95": 109.17999,
        "std": 13.77142
      },
      "unit": "ms"
    },
    "cli_cold_start_ms": {
      "samples": [
        100.866875
      ],
      "stats": {
        "max": 100.866875,
        "mean": 100.866875,
        "min": 100.866875,
        "p50": 100.866875,
        "p95": 100.866875,
        "std": 0.0
      },
      "unit": "ms"
    },
    "cli_list_ms": {
      "samples": [
        83.056833,
        82.412917,
        84.130541,
        79.538625,
        82.510333,
        87.369541,
        123.778917,
        99.337583,
        97.626,
        94.437333,
        92.718667,
        139.334708,
        108.234584,
        89.607125,
        88.356,
        85.102708,
        85.60625,
        84.585167,
        88.806625,
        82.151083,
        83.102083,
        83.114833,
        145.640542,
        94.243584,
        80.413667,
        81.33575,
        79.568459,
        82.693208,
        80.049417,
        78.703208,
        79.648917,
        80.077584,
        81.680542,
        79.060292,
        80.419083,
        82.3705,
        78.582792,
        82.534291,
        82.002958,
        80.23625,
        78.088916,
        80.691792,
        79.329166,
        77.336583,
        78.767291,
        79.484542,
        79.349292,
        80.927125,
        83.568041,
        81.495375
      ],
      "stats": {
        "max": 145.640542,
        "mean": 87.064352,
        "min": 77.336583,
        "p50": 82.391709,
        "p95": 116.783967,
        "std": 14.002579
      },
      "unit": "ms"
    },
    "cli_run_ms": {
      "samples": [
        95.53075,
        102.498292,
        98.84075,
        93.920208,
        95.632083,
        94.088084,
        104.134542,
        102.1595,
        102.379792,
        98.884291,
        96.266459,
        97.557917,
        95.889416,
        96.380334,
        95.064834,
        94.02625,
        95.348667,
        96.80875,
        113.308084,
        188.88575,
        98.722625,
        96.779834,
        94.853792,
        94.137709,
        93.891917,
        95.086,
        94.320458,
        94.201542,
        93.977708,
        94.369208,
        93.697625,
        97.626584,
        94.503584,
        96.311917,
        96.274959,
        96.276291,
        95.670667,
        93.455375,
        95.152125,
        95.287416,
        93.658625,
        96.000334,
        93.335959,
        94.0275,
        93.2785,
        95.682416,
        96.471084,
        95.371541,
        103.5225,
        120.94525
      ],
      "stats": {
        "max": 188.88575,
        "mean": 98.889916,
        "min": 93.2785,
        "p50": 95.651375,
        "p95": 109.17999,
        "std": 13.77142
      },
      "unit": "ms"
    },
    "cli_trace_view_ms": {
      "samples": [
        97.275041,
        88.756917,
        89.16075,
        87.767625,
        182.246834,
        90.285083,
        90.963291,
        91.826291,
        119.589583,
        85.954292,
        82.8515,
        88.914792,
        85.264417,
        87.795625,
        102.721916,
        83.8605,
        82.211709,
        80.952667,
        83.508833,
        83.268875,
        83.533792,
        83.621042,
        82.976083,
        82.344709,
        84.141083,
        84.790667,
        84.32775,
        84.51075,
        88.071542,
        84.418541,
        89.496417,
        91.681958,
        88.591083,
        86.818375,
        89.704125,
        87.785333,
        91.364625,
        87.062375,
        85.384208,
        107.618542,
        83.825917,
        82.867958,
        89.356417,
        93.090167,
        86.333459,
        84.845959,
        84.054125,
        84.413125,
        84.815459,
        86.774208
      ],
      "stats": {
        "max": 182.246834,
        "mean": 89.875927,
        "min": 80.952667,
        "p50": 86.553834,
        "p95": 105.41506,
        "std": 14.784091
      },
      "unit": "ms"
    },
    "cli_warm_start_ms": {
      "samples": [
        82.412917,
        84.130541,
        79.538625,
        82.510333,
        87.369541,
        123.778917,
        99.337583,
        97.626,
        94.437333,
        92.718667,
        139.334708,
        108.234584,
        89.607125,
        88.356,
        85.102708,
        85.60625,
        84.585167,
        88.806625,
        82.151083,
        83.102083,
        83.114833,
        145.640542,
        94.243584,
        80.413667,
        81.33575,
        79.568459,
        82.693208,
        80.049417,
        78.703208,
        79.648917,
        80.077584,
        81.680542,
        79.060292,
        80.419083,
        82.3705,
        78.582792,
        82.534291,
        82.002958,
        80.23625,
        78.088916,
        80.691792,
        79.329166,
        77.336583,
        78.767291,
        79.484542,
        79.349292,
        80.927125,
        83.568041,
        81.495375
      ],
      "stats": {
        "max": 145.640542,
        "mean": 87.146139,
        "min": 77.336583,
        "p50": 82.3705,
        "p95": 117.561184,
        "std": 14.132913
      },
      "unit": "ms"
    },
    "payload_validation_ms": {
      "samples": [
        0.014917,
        0.003209,
        0.000916,
        0.0005,
        0.000333,
        0.000334,
        0.000292,
        0.000334,
        0.000375,
        0.000292,
        0.000334,
        0.000333,
        0.000333,
        0.000292,
        0.000292,
        0.000333,
        0.000292,
        0.000333,
        0.000292,
        0.000333,
        0.000291,
        0.000292,
        0.000334,
        0.000292,
        0.000291,
        0.000333,
        0.000291,
        0.000292,
        0.000334,
        0.000292,
        0.000291,
        0.000292,
        0.000292,
        0.000292,
        0.000291,
        0.000292,
        0.000292,
        0.000291,
        0.000292,
        0.000334,
        0.000292,
        0.000333,
        0.000291,
        0.000292,
        0.000292,
        0.000333,
        0.000291,
        0.000333,
        0.000292,
        0.000333
      ],
      "stats": {
        "max": 0.014917,
        "mean": 0.000675,
        "min": 0.000291,
        "p50": 0.000292,
        "p95": 0.000729,
        "std": 0.002076
      },
      "unit": "ms"
    },